{"test/class_acc/8":98.76796714579055,"final/test_acc":99.04,"_timestamp":1.7510681710267265e+09,"final/training_time_hours":1.3298672256204818,"model/total_params":28072209,"test/class_acc/0":99.59183673469387,"test/class_acc/7":99.12451361867704,"test/loss":0.030157269943588666,"best_acc":99.14,"model/trainable_params":28072208,"test/class_acc/2":99.70930232558139,"train/lr":2.9999999999999997e-06,"train/epoch_loss":0.0138817704407742,"test/class_acc/6":99.16492693110648,"test/class_acc/5":98.65470852017937,"epoch":99,"final/class_acc/6":98.95615866388309,"test/class_acc/3":99.5049504950495,"final/class_acc/4":98.4725050916497,"train/batch_loss":0.0326383039355278,"test/acc":99.14,"model/size_mb":112.288836,"final/class_acc/8":98.97330595482546,"final/class_acc/7":98.83268482490273,"final/test_loss":0.02961222844041797,"test/class_acc/1":99.64757709251101,"batch":93762,"final/class_acc/9":98.1169474727453,"final/class_acc/5":98.76681614349776,"train/batch_acc":99.55431465038846,"final/class_acc/1":99.64757709251101,"final/class_acc/2":99.51550387596899,"train/epoch_acc":99.54333333333334,"_wandb":{"runtime":4792},"final/class_acc/0":99.6938775510204,"final/class_acc/3":99.3069306930693,"_step":1143,"test/class_acc/9":98.31516352824579,"test/class_acc/4":98.77800407331975,"_runtime":4792.029091696}