{"model/total_params":28072209,"test/class_acc/cat":0.2,"test/class_acc/ship":46,"epoch":4,"test/class_acc/deer":12.9,"_wandb":{"runtime":206},"test/class_acc/truck":33.2,"_timestamp":1.7511464324308887e+09,"_runtime":205.832330243,"_step":46,"test/class_acc/bird":8.7,"test/class_acc/dog":25.2,"train/lr":0.0002999267242143111,"test/class_acc/plane":52.6,"test/class_acc/car":46.1,"batch":3828,"train/batch_loss":2.0515480041503906,"test/acc":29.42,"test/class_acc/horse":44.3,"test/loss":1.9497976538481985,"test/class_acc/frog":25,"train/epoch_acc":25.856,"model/size_mb":112.288836,"train/batch_acc":26.036465763195434,"train/epoch_loss":1.9999394470163623,"model/trainable_params":28072208}